Timestamp,Distance,FillPercent,Status,Alert
2026-06-12 16:36:46.682238,14,86.0,FULL,YES
2026-06-12 16:36:51.687612,58,42.0,EMPTY,NO
2026-06-12 16:36:56.689911,98,2.0,EMPTY,NO
2026-06-12 16:37:01.701258,93,7.0,EMPTY,NO
2026-06-12 16:37:06.703849,35,65.0,HALF FULL,NO
2026-06-12 16:37:11.738079,59,41.0,EMPTY,NO
2026-06-12 16:37:16.770850,19,81.0,FULL,YES
2026-06-12 16:37:21.816200,27,73.0,HALF FULL,NO
2026-06-12 16:37:26.851317,57,43.0,EMPTY,NO
2026-06-12 16:37:31.869723,91,9.0,EMPTY,NO
2026-06-12 16:37:36.909750,40,60.0,HALF FULL,NO
2026-06-12 16:37:41.915576,26,74.0,HALF FULL,NO
2026-06-12 16:37:46.918536,98,2.0,EMPTY,NO
2026-06-12 16:37:51.972991,59,41.0,EMPTY,NO
2026-06-12 16:37:57.011543,44,56.0,HALF FULL,NO
2026-06-12 16:38:02.054808,90,10.0,EMPTY,NO
2026-06-12 16:38:07.097275,56,44.0,EMPTY,NO
2026-06-12 16:38:12.138617,74,26.0,EMPTY,NO
2026-06-12 16:38:17.179239,15,85.0,FULL,YES
2026-06-12 16:38:22.183056,54,46.0,EMPTY,NO
2026-06-12 16:38:27.186912,6,94.0,FULL,YES
2026-06-12 16:38:32.199415,29,71.0,HALF FULL,NO
2026-06-12 16:38:37.237938,84,16.0,EMPTY,NO
2026-06-12 16:38:42.239600,86,14.0,EMPTY,NO
2026-06-12 16:38:47.243356,87,13.0,EMPTY,NO
2026-06-12 16:38:52.245364,66,34.0,EMPTY,NO
2026-06-12 16:38:57.248615,56,44.0,EMPTY,NO
2026-06-12 16:39:02.266479,73,27.0,EMPTY,NO
2026-06-12 16:39:07.299419,16,84.0,FULL,YES
2026-06-12 16:39:12.309200,55,45.0,EMPTY,NO
2026-06-12 16:39:17.311426,65,35.0,EMPTY,NO
2026-06-12 16:39:22.314894,84,16.0,EMPTY,NO
2026-06-12 16:39:27.321035,5,95.0,FULL,YES
2026-06-12 16:39:32.327120,48,52.0,HALF FULL,NO
2026-06-12 16:39:37.330250,93,7.0,EMPTY,NO
2026-06-12 16:39:42.335076,59,41.0,EMPTY,NO
2026-06-12 16:39:47.337938,55,45.0,EMPTY,NO
2026-06-12 16:39:52.343477,45,55.0,HALF FULL,NO
2026-06-12 16:39:57.346231,63,37.0,EMPTY,NO
2026-06-12 16:40:02.348831,90,10.0,EMPTY,NO
2026-06-12 16:40:07.351498,29,71.0,HALF FULL,NO
2026-06-12 16:40:12.384893,8,92.0,FULL,YES
2026-06-12 16:40:17.388132,69,31.0,EMPTY,NO
2026-06-12 16:40:22.391722,24,76.0,HALF FULL,NO
2026-06-12 16:40:27.419710,31,69.0,HALF FULL,NO
2026-06-12 16:40:32.424075,30,70.0,HALF FULL,NO
2026-06-12 16:40:37.443381,46,54.0,HALF FULL,NO
2026-06-12 16:40:42.483068,72,28.0,EMPTY,NO
2026-06-12 16:40:47.493556,32,68.0,HALF FULL,NO
2026-06-12 16:40:52.501035,89,11.0,EMPTY,NO
2026-06-12 16:40:57.504904,8,92.0,FULL,YES
2026-06-12 16:41:02.512214,30,70.0,HALF FULL,NO
2026-06-12 16:41:07.521283,62,38.0,EMPTY,NO
2026-06-12 16:41:12.524379,45,55.0,HALF FULL,NO
2026-06-12 16:41:17.526613,58,42.0,EMPTY,NO
2026-06-12 16:41:22.529697,37,63.0,HALF FULL,NO
2026-06-12 16:41:27.532157,76,24.0,EMPTY,NO
2026-06-12 16:41:32.534200,16,84.0,FULL,YES
2026-06-12 16:41:37.538903,9,91.0,FULL,YES
2026-06-12 16:41:42.541951,80,20.0,EMPTY,NO
2026-06-12 16:41:47.545756,92,8.0,EMPTY,NO
2026-06-12 17:52:01.428935,36,64.0,HALF FULL,NO
2026-06-12 17:52:06.429887,52,48.0,EMPTY,NO
2026-06-12 17:52:11.447378,66,34.0,EMPTY,NO
2026-06-12 17:52:16.449123,91,9.0,EMPTY,NO
2026-06-12 17:52:21.451455,58,42.0,EMPTY,NO
2026-06-12 17:52:26.453023,35,65.0,HALF FULL,NO
2026-06-12 17:52:31.454802,42,58.0,HALF FULL,NO
2026-06-12 17:52:36.460983,69,31.0,EMPTY,NO
2026-06-12 17:52:41.462922,37,63.0,HALF FULL,NO
2026-06-12 17:52:46.465493,68,32.0,EMPTY,NO
2026-06-12 17:52:51.467804,81,19.0,EMPTY,NO
2026-06-12 17:52:56.470719,25,75.0,HALF FULL,NO
2026-06-12 17:53:01.473105,78,22.0,EMPTY,NO
2026-06-12 17:53:06.475060,45,55.0,HALF FULL,NO
2026-06-12 17:53:11.476803,94,6.0,EMPTY,NO
2026-06-12 17:53:16.478718,100,0.0,EMPTY,NO
2026-06-12 17:53:21.483761,60,40.0,EMPTY,NO
2026-06-12 17:53:26.491738,59,41.0,EMPTY,NO
2026-06-12 17:53:31.493828,98,2.0,EMPTY,NO
2026-06-12 17:53:36.495723,86,14.0,EMPTY,NO
2026-06-12 17:53:41.498523,43,57.0,HALF FULL,NO
2026-06-12 17:53:46.502004,15,85.0,FULL,YES
2026-06-12 17:53:51.508538,83,17.0,EMPTY,NO
2026-06-12 17:53:56.512159,100,0.0,EMPTY,NO
2026-06-12 17:54:01.517051,5,95.0,FULL,YES
2026-06-12 17:54:06.519597,59,41.0,EMPTY,NO
2026-06-12 17:54:11.527533,94,6.0,EMPTY,NO
2026-06-12 17:54:16.531560,45,55.0,HALF FULL,NO
2026-06-12 17:54:21.535699,90,10.0,EMPTY,NO
2026-06-12 17:54:26.538295,75,25.0,EMPTY,NO
2026-06-12 17:54:31.541341,68,32.0,EMPTY,NO
2026-06-12 17:54:36.553289,62,38.0,EMPTY,NO
2026-06-12 17:54:41.555499,11,89.0,FULL,YES
2026-06-12 17:54:46.564687,53,47.0,EMPTY,NO
2026-06-12 17:54:51.574327,25,75.0,HALF FULL,NO
2026-06-12 17:54:56.580110,42,58.0,HALF FULL,NO
2026-06-12 17:55:01.582025,52,48.0,EMPTY,NO
2026-06-12 17:55:06.587170,18,82.0,FULL,YES
2026-06-12 17:55:11.593494,41,59.0,HALF FULL,NO
2026-06-12 17:55:16.596956,14,86.0,FULL,YES
2026-06-12 17:55:21.602551,7,93.0,FULL,YES
2026-06-12 17:55:26.604630,89,11.0,EMPTY,NO
2026-06-12 17:55:31.610079,46,54.0,HALF FULL,NO
2026-06-12 17:55:36.612994,83,17.0,EMPTY,NO
2026-06-12 17:55:41.616560,94,6.0,EMPTY,NO
2026-06-12 17:55:46.626479,60,40.0,EMPTY,NO
2026-06-12 17:55:51.632796,78,22.0,EMPTY,NO
2026-06-12 17:55:56.634405,85,15.0,EMPTY,NO
2026-06-12 17:56:01.637980,75,25.0,EMPTY,NO
2026-06-12 17:56:06.640607,70,30.0,EMPTY,NO
2026-06-12 17:56:11.642968,37,63.0,HALF FULL,NO
2026-06-12 17:56:16.644916,13,87.0,FULL,YES
2026-06-12 17:56:21.647530,32,68.0,HALF FULL,NO
2026-06-12 17:56:26.650203,82,18.0,EMPTY,NO
2026-06-12 17:56:31.657173,12,88.0,FULL,YES
2026-06-12 17:56:36.664128,60,40.0,EMPTY,NO
2026-06-12 17:56:41.670323,90,10.0,EMPTY,NO
2026-06-12 17:56:46.675245,52,48.0,EMPTY,NO
2026-06-12 17:56:51.680748,43,57.0,HALF FULL,NO
2026-06-12 17:56:56.683025,56,44.0,EMPTY,NO
2026-06-12 17:57:01.685309,29,71.0,HALF FULL,NO
2026-06-12 17:57:06.688067,22,78.0,HALF FULL,NO
2026-06-12 17:57:11.692664,61,39.0,EMPTY,NO
2026-06-12 17:57:16.699894,36,64.0,HALF FULL,NO
2026-06-12 17:57:21.703126,69,31.0,EMPTY,NO
2026-06-12 17:57:26.704491,26,74.0,HALF FULL,NO
2026-06-12 17:57:31.707124,15,85.0,FULL,YES
2026-06-12 17:57:36.708712,82,18.0,EMPTY,NO
2026-06-12 17:57:41.710386,65,35.0,EMPTY,NO
2026-06-12 17:57:46.712244,15,85.0,FULL,YES
2026-06-12 17:57:51.715200,28,72.0,HALF FULL,NO
2026-06-12 17:57:56.717195,82,18.0,EMPTY,NO
2026-06-12 17:58:01.724610,39,61.0,HALF FULL,NO
2026-06-12 17:58:06.728874,51,49.0,EMPTY,NO
2026-06-12 17:58:11.732813,47,53.0,HALF FULL,NO
2026-06-12 17:58:16.739936,9,91.0,FULL,YES
2026-06-12 17:58:21.741044,70,30.0,EMPTY,NO
2026-06-12 17:58:26.745136,89,11.0,EMPTY,NO
2026-06-12 17:58:31.754366,16,84.0,FULL,YES
2026-06-12 17:58:36.761580,25,75.0,HALF FULL,NO
2026-06-12 17:58:41.770448,45,55.0,HALF FULL,NO
2026-06-12 17:58:46.773364,33,67.0,HALF FULL,NO
2026-06-12 17:58:51.778693,80,20.0,EMPTY,NO
2026-06-12 17:58:56.787198,82,18.0,EMPTY,NO
2026-06-12 17:59:01.791400,75,25.0,EMPTY,NO
2026-06-12 17:59:06.797692,68,32.0,EMPTY,NO
2026-06-12 17:59:11.805185,84,16.0,EMPTY,NO
2026-06-12 17:59:16.807667,26,74.0,HALF FULL,NO
2026-06-12 17:59:21.810218,37,63.0,HALF FULL,NO
2026-06-12 17:59:26.815837,43,57.0,HALF FULL,NO
2026-06-12 17:59:31.822513,91,9.0,EMPTY,NO
2026-06-12 17:59:36.828925,41,59.0,HALF FULL,NO
2026-06-12 17:59:41.835562,55,45.0,EMPTY,NO
2026-06-12 17:59:46.838891,95,5.0,EMPTY,NO
2026-06-12 17:59:51.840686,66,34.0,EMPTY,NO
2026-06-12 17:59:56.858553,74,26.0,EMPTY,NO
2026-06-12 18:00:01.868244,52,48.0,EMPTY,NO
2026-06-12 18:00:06.870452,23,77.0,HALF FULL,NO
2026-06-12 18:00:11.875253,93,7.0,EMPTY,NO
2026-06-12 18:00:16.877684,6,94.0,FULL,YES
2026-06-12 18:00:21.889487,73,27.0,EMPTY,NO
2026-06-12 18:00:26.892189,17,83.0,FULL,YES
2026-06-12 18:00:31.894125,24,76.0,HALF FULL,NO
2026-06-12 18:00:36.897127,29,71.0,HALF FULL,NO
2026-06-12 18:00:41.917734,46,54.0,HALF FULL,NO
2026-06-12 18:00:46.932957,17,83.0,FULL,YES
2026-06-12 18:00:51.934065,16,84.0,FULL,YES
2026-06-12 18:00:56.936259,76,24.0,EMPTY,NO
2026-06-12 18:01:01.938426,25,75.0,HALF FULL,NO
2026-06-12 18:01:06.946733,84,16.0,EMPTY,NO
2026-06-12 18:01:11.948747,52,48.0,EMPTY,NO
2026-06-12 18:01:16.951749,14,86.0,FULL,YES
2026-06-12 18:01:21.954114,45,55.0,HALF FULL,NO
2026-06-12 18:01:26.960737,26,74.0,HALF FULL,NO
2026-06-12 18:01:31.964178,99,1.0,EMPTY,NO
2026-06-12 18:01:36.975973,91,9.0,EMPTY,NO
2026-06-12 18:01:41.982471,63,37.0,EMPTY,NO
2026-06-12 18:01:46.986319,55,45.0,EMPTY,NO
2026-06-12 18:01:51.988988,8,92.0,FULL,YES
2026-06-12 18:01:56.992403,52,48.0,EMPTY,NO
2026-06-12 18:02:01.994153,100,0.0,EMPTY,NO
2026-06-12 18:02:07.001748,16,84.0,FULL,YES
2026-06-12 18:02:12.003392,63,37.0,EMPTY,NO
2026-06-12 18:02:17.005311,42,58.0,HALF FULL,NO
2026-06-12 18:02:22.007768,92,8.0,EMPTY,NO
2026-06-12 18:02:27.009979,28,72.0,HALF FULL,NO
2026-06-12 18:02:32.013153,99,1.0,EMPTY,NO
2026-06-12 18:02:37.015093,62,38.0,EMPTY,NO
2026-06-12 18:02:42.024016,25,75.0,HALF FULL,NO
2026-06-12 18:02:47.029163,16,84.0,FULL,YES
2026-06-12 18:02:52.030560,5,95.0,FULL,YES
2026-06-12 18:02:57.053777,64,36.0,EMPTY,NO
2026-06-12 18:03:02.057045,71,29.0,EMPTY,NO
2026-06-12 18:03:07.058850,18,82.0,FULL,YES
2026-06-12 18:03:12.062656,91,9.0,EMPTY,NO
2026-06-12 18:03:17.064298,13,87.0,FULL,YES
2026-06-12 18:03:22.066236,17,83.0,FULL,YES
2026-06-12 18:03:27.067931,41,59.0,HALF FULL,NO
2026-06-12 18:03:32.085059,38,62.0,HALF FULL,NO
2026-06-12 18:03:37.088725,64,36.0,EMPTY,NO
2026-06-12 18:03:42.092132,57,43.0,EMPTY,NO
2026-06-12 18:03:47.095002,35,65.0,HALF FULL,NO
2026-06-12 18:03:52.097206,85,15.0,EMPTY,NO
2026-06-12 18:03:57.098203,81,19.0,EMPTY,NO
2026-06-12 18:04:02.101171,45,55.0,HALF FULL,NO
2026-06-12 18:04:07.103789,61,39.0,EMPTY,NO
2026-06-12 18:04:12.106973,32,68.0,HALF FULL,NO
2026-06-12 18:04:17.109205,38,62.0,HALF FULL,NO
2026-06-12 18:04:22.111587,52,48.0,EMPTY,NO
2026-06-12 18:04:27.113899,31,69.0,HALF FULL,NO
2026-06-12 18:04:32.120742,74,26.0,EMPTY,NO
2026-06-12 18:04:37.123955,52,48.0,EMPTY,NO
2026-06-12 18:04:42.133543,32,68.0,HALF FULL,NO
2026-06-12 18:04:47.136126,62,38.0,EMPTY,NO
2026-06-12 18:04:52.139981,74,26.0,EMPTY,NO
2026-06-12 18:04:57.158783,90,10.0,EMPTY,NO
2026-06-12 18:05:02.169349,51,49.0,EMPTY,NO
2026-06-12 18:05:07.175664,65,35.0,EMPTY,NO
2026-06-12 18:05:12.181931,57,43.0,EMPTY,NO
2026-06-12 18:05:17.184250,86,14.0,EMPTY,NO
2026-06-12 18:05:22.191103,81,19.0,EMPTY,NO
2026-06-12 18:05:27.197292,99,1.0,EMPTY,NO
2026-06-12 18:05:32.199757,24,76.0,HALF FULL,NO
2026-06-12 18:05:37.205540,97,3.0,EMPTY,NO
2026-06-12 18:05:42.207819,78,22.0,EMPTY,NO
2026-06-12 18:05:47.209719,39,61.0,HALF FULL,NO
2026-06-12 18:05:52.217425,92,8.0,EMPTY,NO
2026-06-12 18:05:57.226420,79,21.0,EMPTY,NO
2026-06-12 18:06:02.231602,63,37.0,EMPTY,NO
2026-06-12 18:06:07.238245,54,46.0,EMPTY,NO
2026-06-12 18:06:12.240893,62,38.0,EMPTY,NO
2026-06-12 18:06:17.248406,34,66.0,HALF FULL,NO
2026-06-12 18:06:22.250661,38,62.0,HALF FULL,NO
2026-06-12 18:06:27.259837,25,75.0,HALF FULL,NO
2026-06-12 18:06:32.264565,42,58.0,HALF FULL,NO
2026-06-12 18:06:37.271658,20,80.0,FULL,YES
2026-06-12 18:06:42.275546,30,70.0,HALF FULL,NO
2026-06-12 18:06:47.278992,45,55.0,HALF FULL,NO
2026-06-12 18:06:52.281686,52,48.0,EMPTY,NO
2026-06-12 18:06:57.284074,11,89.0,FULL,YES
2026-06-12 18:07:02.293257,33,67.0,HALF FULL,NO
2026-06-12 18:07:07.299335,72,28.0,EMPTY,NO
2026-06-12 18:07:12.308694,95,5.0,EMPTY,NO
2026-06-12 18:07:17.309963,56,44.0,EMPTY,NO
2026-06-12 18:07:22.311684,66,34.0,EMPTY,NO
2026-06-12 18:07:27.314973,19,81.0,FULL,YES
2026-06-12 18:07:32.319965,36,64.0,HALF FULL,NO
2026-06-12 18:07:37.325461,96,4.0,EMPTY,NO
2026-06-12 18:07:42.329417,5,95.0,FULL,YES
2026-06-12 18:07:47.334843,69,31.0,EMPTY,NO
2026-06-12 18:07:52.341565,9,91.0,FULL,YES
2026-06-12 18:07:57.343630,10,90.0,FULL,YES
2026-06-12 18:08:02.345967,31,69.0,HALF FULL,NO
2026-06-12 18:08:07.354099,45,55.0,HALF FULL,NO
2026-06-12 18:08:12.360949,65,35.0,EMPTY,NO
2026-06-12 18:08:17.362479,75,25.0,EMPTY,NO
2026-06-12 18:08:22.363481,62,38.0,EMPTY,NO
2026-06-12 18:08:27.366197,18,82.0,FULL,YES
2026-06-12 18:08:32.368667,57,43.0,EMPTY,NO
2026-06-12 18:08:37.371596,32,68.0,HALF FULL,NO
2026-06-12 18:08:42.374692,17,83.0,FULL,YES
2026-06-12 18:08:47.377592,66,34.0,EMPTY,NO
2026-06-12 18:08:52.398967,14,86.0,FULL,YES
2026-06-12 18:08:57.403274,72,28.0,EMPTY,NO
2026-06-12 18:09:02.405810,51,49.0,EMPTY,NO
2026-06-12 18:09:07.407805,59,41.0,EMPTY,NO
2026-06-12 18:09:12.410356,17,83.0,FULL,YES
2026-06-12 18:09:17.416367,62,38.0,EMPTY,NO
2026-06-12 18:09:22.418502,77,23.0,EMPTY,NO
2026-06-12 18:09:27.420364,55,45.0,EMPTY,NO
2026-06-12 18:13:08.989601,11,89.0,FULL,YES
2026-06-12 18:13:13.990475,82,18.0,EMPTY,NO
2026-06-12 18:13:18.992385,85,15.0,EMPTY,NO
2026-06-12 18:13:23.993582,20,80.0,FULL,YES
2026-06-12 18:13:28.997355,51,49.0,EMPTY,NO
2026-06-12 18:13:33.999025,94,6.0,EMPTY,NO
2026-06-12 18:13:39.002457,77,23.0,EMPTY,NO
2026-06-12 18:13:44.003452,74,26.0,EMPTY,NO
2026-06-12 18:13:49.005892,83,17.0,EMPTY,NO
2026-06-12 18:13:54.009433,25,75.0,HALF FULL,NO
2026-06-12 18:13:59.011365,81,19.0,EMPTY,NO
2026-06-12 18:14:04.013662,25,75.0,HALF FULL,NO
2026-06-12 18:14:09.017163,61,39.0,EMPTY,NO
2026-06-12 18:14:14.019250,86,14.0,EMPTY,NO
2026-06-12 18:14:19.022597,38,62.0,HALF FULL,NO
2026-06-12 18:14:24.026222,49,51.0,HALF FULL,NO
2026-06-12 18:14:29.028159,46,54.0,HALF FULL,NO
2026-06-12 18:14:34.034760,97,3.0,EMPTY,NO
2026-06-12 18:35:10.161446,70,30.0,EMPTY,NO
2026-06-12 18:35:15.177069,14,86.0,FULL,YES
2026-06-12 18:35:20.210473,80,20.0,EMPTY,NO
2026-06-12 18:35:25.215839,42,58.0,HALF FULL,NO
2026-06-12 18:35:30.219937,92,8.0,EMPTY,NO
2026-06-12 18:35:35.226538,9,91.0,FULL,YES
2026-06-12 18:35:40.255969,18,82.0,FULL,YES
2026-06-12 18:35:45.276998,84,16.0,EMPTY,NO
2026-06-12 18:35:50.285563,10,90.0,FULL,YES
2026-06-12 18:35:55.293035,11,89.0,FULL,YES
2026-06-12 18:36:00.326011,45,55.0,HALF FULL,NO
2026-06-12 18:36:05.455100,74,26.0,EMPTY,NO
2026-06-12 18:36:10.471349,88,12.0,EMPTY,NO
2026-06-12 18:36:15.478145,59,41.0,EMPTY,NO
2026-06-12 18:36:20.485147,16,84.0,FULL,YES
2026-06-12 18:36:25.491762,92,8.0,EMPTY,NO
2026-06-12 18:36:30.506345,61,39.0,EMPTY,NO
2026-06-12 18:36:35.513941,50,50.0,HALF FULL,NO
2026-06-12 18:36:40.522773,77,23.0,EMPTY,NO
2026-06-12 18:36:45.531952,7,93.0,FULL,YES
2026-06-12 18:36:50.540907,37,63.0,HALF FULL,NO
2026-06-12 18:36:55.552096,28,72.0,HALF FULL,NO
2026-06-12 18:37:00.558383,18,82.0,FULL,YES
2026-06-12 18:37:05.568705,27,73.0,HALF FULL,NO
2026-06-12 18:37:10.576462,20,80.0,FULL,YES
2026-06-12 18:37:15.583654,30,70.0,HALF FULL,NO
2026-06-12 18:37:20.595348,24,76.0,HALF FULL,NO
2026-06-12 18:37:25.610061,39,61.0,HALF FULL,NO
2026-06-12 18:37:30.622050,45,55.0,HALF FULL,NO
2026-06-12 18:37:35.632002,30,70.0,HALF FULL,NO
2026-06-12 18:37:40.644657,61,39.0,EMPTY,NO
2026-06-12 18:37:45.651813,26,74.0,HALF FULL,NO
2026-06-12 18:37:50.661905,18,82.0,FULL,YES
2026-06-12 18:44:34.550723,66,34.0,EMPTY,NO
2026-06-12 18:44:39.557897,98,2.0,EMPTY,NO
2026-06-12 18:44:44.563205,11,89.0,FULL,YES
2026-06-12 18:44:49.568204,90,10.0,EMPTY,NO
2026-06-12 18:44:54.572621,55,45.0,EMPTY,NO
2026-06-12 18:44:59.579240,17,83.0,FULL,YES
2026-06-12 18:45:04.584956,65,35.0,EMPTY,NO
2026-06-12 18:45:09.589319,50,50.0,HALF FULL,NO
2026-06-12 18:45:55.266701,85,15.0,EMPTY,NO
2026-06-12 18:46:00.277627,41,59.0,HALF FULL,NO
2026-06-12 18:46:05.285103,62,38.0,EMPTY,NO
2026-06-12 18:46:10.319077,9,91.0,FULL,YES
2026-06-12 18:46:15.326519,21,79.0,HALF FULL,NO
2026-06-12 18:48:48.923700,16,84.0,FULL,YES
2026-06-12 18:48:53.931221,77,23.0,EMPTY,NO
2026-06-12 18:48:58.943428,21,79.0,HALF FULL,NO
2026-06-12 18:49:03.988309,93,7.0,EMPTY,NO
2026-06-12 18:49:08.995277,30,70.0,HALF FULL,NO
2026-06-12 18:49:14.007205,95,5.0,EMPTY,NO
2026-06-12 18:49:19.019807,31,69.0,HALF FULL,NO
2026-06-12 18:49:24.027583,17,83.0,FULL,YES
2026-06-12 18:49:29.036416,8,92.0,FULL,YES
2026-06-12 18:49:34.043434,70,30.0,EMPTY,NO
2026-06-12 18:49:39.050208,29,71.0,HALF FULL,NO
2026-06-12 18:49:44.058994,65,35.0,EMPTY,NO
2026-06-12 18:49:49.066793,30,70.0,HALF FULL,NO
2026-06-12 18:49:54.074438,46,54.0,HALF FULL,NO
2026-06-12 18:49:59.081899,62,38.0,EMPTY,NO
2026-06-12 18:50:04.089697,75,25.0,EMPTY,NO
2026-06-12 18:50:09.096041,91,9.0,EMPTY,NO
2026-06-12 18:50:14.104674,28,72.0,HALF FULL,NO
2026-06-12 18:50:19.111753,96,4.0,EMPTY,NO
2026-06-12 18:50:24.121692,72,28.0,EMPTY,NO
2026-06-12 18:50:29.138327,29,71.0,HALF FULL,NO
2026-06-12 18:50:34.145774,99,1.0,EMPTY,NO
2026-06-12 18:50:39.160169,54,46.0,EMPTY,NO
2026-06-12 18:50:44.163187,59,41.0,EMPTY,NO
2026-06-12 18:50:49.166583,42,58.0,HALF FULL,NO
2026-06-12 18:50:54.173149,57,43.0,EMPTY,NO
2026-06-12 18:50:59.184360,35,65.0,HALF FULL,NO
2026-06-12 18:51:04.194979,25,75.0,HALF FULL,NO
2026-06-12 18:51:09.207958,28,72.0,HALF FULL,NO
2026-06-12 18:51:14.218200,18,82.0,FULL,YES
2026-06-12 18:51:19.224182,76,24.0,EMPTY,NO
2026-06-12 18:51:24.232383,49,51.0,HALF FULL,NO
2026-06-12 18:51:29.252777,11,89.0,FULL,YES
2026-06-12 18:51:34.285415,37,63.0,HALF FULL,NO
2026-06-12 18:51:39.291280,16,84.0,FULL,YES
2026-06-12 18:51:44.340021,46,54.0,HALF FULL,NO
2026-06-12 18:51:49.346858,7,93.0,FULL,YES
2026-06-12 18:51:54.358641,79,21.0,EMPTY,NO
2026-06-12 18:51:59.375702,64,36.0,EMPTY,NO
2026-06-12 18:52:04.451686,9,91.0,FULL,YES
2026-06-12 18:52:09.459087,86,14.0,EMPTY,NO
2026-06-12 18:52:14.468831,5,95.0,FULL,YES
2026-06-12 18:52:19.475153,25,75.0,HALF FULL,NO
2026-06-12 18:52:24.483085,26,74.0,HALF FULL,NO
2026-06-12 18:52:29.489117,95,5.0,EMPTY,NO
2026-06-12 18:52:34.498548,56,44.0,EMPTY,NO
2026-06-12 18:52:39.503052,22,78.0,HALF FULL,NO
